Validation_Set,Topics,Alpha,Beta,Coherence
75% Corpus,3,0.01,0.01,0.3473222196243049
75% Corpus,3,0.01,0.21000000000000002,0.33795934120210713
75% Corpus,3,0.01,0.41000000000000003,0.34461223701904614
75% Corpus,3,0.01,0.6100000000000001,0.3429686688856452
75% Corpus,3,0.01,0.81,0.3446122370190461
75% Corpus,3,0.01,symmetric,0.3446122370190461
75% Corpus,3,0.21000000000000002,0.01,0.3557032705088761
75% Corpus,3,0.21000000000000002,0.21000000000000002,0.35570327050887607
75% Corpus,3,0.21000000000000002,0.41000000000000003,0.3446122370190461
75% Corpus,3,0.21000000000000002,0.6100000000000001,0.3446122370190461
75% Corpus,3,0.21000000000000002,0.81,0.34296866888564526
75% Corpus,3,0.21000000000000002,symmetric,0.34296866888564526
75% Corpus,3,0.41000000000000003,0.01,0.3495369347882529
75% Corpus,3,0.41000000000000003,0.21000000000000002,0.3495369347882529
75% Corpus,3,0.41000000000000003,0.41000000000000003,0.3495369347882529
75% Corpus,3,0.41000000000000003,0.6100000000000001,0.33390123773660463
75% Corpus,3,0.41000000000000003,0.81,0.33390123773660463
75% Corpus,3,0.41000000000000003,symmetric,0.3495369347882529
75% Corpus,3,0.6100000000000001,0.01,0.3489877702879875
75% Corpus,3,0.6100000000000001,0.21000000000000002,0.34330336212784
75% Corpus,3,0.6100000000000001,0.41000000000000003,0.34330336212784
75% Corpus,3,0.6100000000000001,0.6100000000000001,0.33601169595348596
75% Corpus,3,0.6100000000000001,0.81,0.33601169595348596
75% Corpus,3,0.6100000000000001,symmetric,0.34330336212784
75% Corpus,3,0.81,0.01,0.3448798181986615
75% Corpus,3,0.81,0.21000000000000002,0.3472545629212469
75% Corpus,3,0.81,0.41000000000000003,0.3349530808533701
75% Corpus,3,0.81,0.6100000000000001,0.3349530808533701
75% Corpus,3,0.81,0.81,0.33601169595348596
75% Corpus,3,0.81,symmetric,0.3349530808533701
75% Corpus,3,symmetric,0.01,0.3540597023754752
75% Corpus,3,symmetric,0.21000000000000002,0.35405970237547524
75% Corpus,3,symmetric,0.41000000000000003,0.35405970237547524
75% Corpus,3,symmetric,0.6100000000000001,0.338424005323827
75% Corpus,3,symmetric,0.81,0.33527832079335274
75% Corpus,3,symmetric,symmetric,0.35405970237547524
75% Corpus,3,asymmetric,0.01,0.3700023587431463
75% Corpus,3,asymmetric,0.21000000000000002,0.374660490571506
75% Corpus,3,asymmetric,0.41000000000000003,0.3652351832922025
75% Corpus,3,asymmetric,0.6100000000000001,0.3771372377973489
75% Corpus,3,asymmetric,0.81,0.3652351832922025
75% Corpus,3,asymmetric,symmetric,0.37567244658054055
75% Corpus,4,0.01,0.01,0.37568592462284567
75% Corpus,4,0.01,0.21000000000000002,0.3756426512084394
75% Corpus,4,0.01,0.41000000000000003,0.37234172867864257
75% Corpus,4,0.01,0.6100000000000001,0.3615866663955223
75% Corpus,4,0.01,0.81,0.3615866663955223
75% Corpus,4,0.01,symmetric,0.37365427208990554
75% Corpus,4,0.21000000000000002,0.01,0.37618314584424695
75% Corpus,4,0.21000000000000002,0.21000000000000002,0.37618314584424695
75% Corpus,4,0.21000000000000002,0.41000000000000003,0.3803152847478838
75% Corpus,4,0.21000000000000002,0.6100000000000001,0.3803152847478838
75% Corpus,4,0.21000000000000002,0.81,0.3832831566663804
75% Corpus,4,0.21000000000000002,symmetric,0.38590287926456945
75% Corpus,4,0.41000000000000003,0.01,0.3773871547402081
75% Corpus,4,0.41000000000000003,0.21000000000000002,0.3773871547402081
75% Corpus,4,0.41000000000000003,0.41000000000000003,0.37702426646395265
75% Corpus,4,0.41000000000000003,0.6100000000000001,0.37702426646395265
75% Corpus,4,0.41000000000000003,0.81,0.37702426646395265
75% Corpus,4,0.41000000000000003,symmetric,0.3773871547402081
75% Corpus,4,0.6100000000000001,0.01,0.38147513723035786
75% Corpus,4,0.6100000000000001,0.21000000000000002,0.3852361478697345
75% Corpus,4,0.6100000000000001,0.41000000000000003,0.38109970425215023
75% Corpus,4,0.6100000000000001,0.6100000000000001,0.3807368159758946
75% Corpus,4,0.6100000000000001,0.81,0.374710719997965
75% Corpus,4,0.6100000000000001,symmetric,0.3852361478697345
75% Corpus,4,0.81,0.01,0.3814751372303579
75% Corpus,4,0.81,0.21000000000000002,0.38147513723035786
75% Corpus,4,0.81,0.41000000000000003,0.3791615907643703
75% Corpus,4,0.81,0.6100000000000001,0.37878615778616265
75% Corpus,4,0.81,0.81,0.3829226014037469
75% Corpus,4,0.81,symmetric,0.3763295259735916
75% Corpus,4,symmetric,0.01,0.3795891336107826
75% Corpus,4,symmetric,0.21000000000000002,0.38104538773580077
75% Corpus,4,symmetric,0.41000000000000003,0.3899337773834102
75% Corpus,4,symmetric,0.6100000000000001,0.38993377738341023
75% Corpus,4,symmetric,0.81,0.37746806826935975
75% Corpus,4,symmetric,symmetric,0.3845507089931864
75% Corpus,4,asymmetric,0.01,0.38986296205477766
75% Corpus,4,asymmetric,0.21000000000000002,0.3888780043147448
75% Corpus,4,asymmetric,0.41000000000000003,0.3888780043147448
75% Corpus,4,asymmetric,0.6100000000000001,0.3888780043147448
75% Corpus,4,asymmetric,0.81,0.3877079747999749
75% Corpus,4,asymmetric,symmetric,0.3888780043147448
75% Corpus,5,0.01,0.01,0.39152402830377203
75% Corpus,5,0.01,0.21000000000000002,0.38026818175264515
75% Corpus,5,0.01,0.41000000000000003,0.3990591233885085
75% Corpus,5,0.01,0.6100000000000001,0.3788494604139118
75% Corpus,5,0.01,0.81,0.38322734281912146
75% Corpus,5,0.01,symmetric,0.39190313248203523
75% Corpus,5,0.21000000000000002,0.01,0.3707726697533389
75% Corpus,5,0.21000000000000002,0.21000000000000002,0.376011309883299
75% Corpus,5,0.21000000000000002,0.41000000000000003,0.3882619199403187
75% Corpus,5,0.21000000000000002,0.6100000000000001,0.39470698908039115
75% Corpus,5,0.21000000000000002,0.81,0.3920919432627743
75% Corpus,5,0.21000000000000002,symmetric,0.38254400010106393
75% Corpus,5,0.41000000000000003,0.01,0.3908254754867747
75% Corpus,5,0.41000000000000003,0.21000000000000002,0.3944385293112892
75% Corpus,5,0.41000000000000003,0.41000000000000003,0.3929722018391787
75% Corpus,5,0.41000000000000003,0.6100000000000001,0.39420815571510764
75% Corpus,5,0.41000000000000003,0.81,0.3931849735784737
75% Corpus,5,0.41000000000000003,symmetric,0.3944385293112892
75% Corpus,5,0.6100000000000001,0.01,0.39368143226889696
75% Corpus,5,0.6100000000000001,0.21000000000000002,0.3968319687842194
75% Corpus,5,0.6100000000000001,0.41000000000000003,0.38845814167952647
75% Corpus,5,0.6100000000000001,0.6100000000000001,0.3926797199956936
75% Corpus,5,0.6100000000000001,0.81,0.38644399351849773
75% Corpus,5,0.6100000000000001,symmetric,0.3969106031490952
75% Corpus,5,0.81,0.01,0.3529501106126589
75% Corpus,5,0.81,0.21000000000000002,0.36381222362842947
75% Corpus,5,0.81,0.41000000000000003,0.37167680675970527
75% Corpus,5,0.81,0.6100000000000001,0.38562173891063956
75% Corpus,5,0.81,0.81,0.38562173891063956
75% Corpus,5,0.81,symmetric,0.3540685541872981
75% Corpus,5,symmetric,0.01,0.37077250258985395
75% Corpus,5,symmetric,0.21000000000000002,0.38254400010106393
75% Corpus,5,symmetric,0.41000000000000003,0.38931447934267227
75% Corpus,5,symmetric,0.6100000000000001,0.391958469775113
75% Corpus,5,symmetric,0.81,0.3920919432627743
75% Corpus,5,symmetric,symmetric,0.37611187739087226
75% Corpus,5,asymmetric,0.01,0.3881487282932985
75% Corpus,5,asymmetric,0.21000000000000002,0.3739366420069462
75% Corpus,5,asymmetric,0.41000000000000003,0.3898034980806053
75% Corpus,5,asymmetric,0.6100000000000001,0.38980349808060544
75% Corpus,5,asymmetric,0.81,0.3869872296505827
75% Corpus,5,asymmetric,symmetric,0.3758277811167134
75% Corpus,6,0.01,0.01,0.38256781920250066
75% Corpus,6,0.01,0.21000000000000002,0.38475225737112734
75% Corpus,6,0.01,0.41000000000000003,0.38523496466340346
75% Corpus,6,0.01,0.6100000000000001,0.39232725958406883
75% Corpus,6,0.01,0.81,0.38906040854323615
75% Corpus,6,0.01,symmetric,0.391853361410939
75% Corpus,6,0.21000000000000002,0.01,0.381441947817375
75% Corpus,6,0.21000000000000002,0.21000000000000002,0.3844474642180658
75% Corpus,6,0.21000000000000002,0.41000000000000003,0.38327947620165265
75% Corpus,6,0.21000000000000002,0.6100000000000001,0.38972070598308856
75% Corpus,6,0.21000000000000002,0.81,0.3845853763938644
75% Corpus,6,0.21000000000000002,symmetric,0.3802841663485259
75% Corpus,6,0.41000000000000003,0.01,0.3890052220313294
75% Corpus,6,0.41000000000000003,0.21000000000000002,0.3986224968918651
75% Corpus,6,0.41000000000000003,0.41000000000000003,0.38712302139351396
75% Corpus,6,0.41000000000000003,0.6100000000000001,0.38239277918873343
75% Corpus,6,0.41000000000000003,0.81,0.383643441950434
75% Corpus,6,0.41000000000000003,symmetric,0.3839708873128642
75% Corpus,6,0.6100000000000001,0.01,0.3904215674110539
75% Corpus,6,0.6100000000000001,0.21000000000000002,0.38545637957511264
75% Corpus,6,0.6100000000000001,0.41000000000000003,0.3836013128240248
75% Corpus,6,0.6100000000000001,0.6100000000000001,0.3860705068570926
75% Corpus,6,0.6100000000000001,0.81,0.38718203402563317
75% Corpus,6,0.6100000000000001,symmetric,0.38366869490190586
75% Corpus,6,0.81,0.01,0.36861229189686423
75% Corpus,6,0.81,0.21000000000000002,0.37719681987360376
75% Corpus,6,0.81,0.41000000000000003,0.37835118897840236
75% Corpus,6,0.81,0.6100000000000001,0.3786544549760516
75% Corpus,6,0.81,0.81,0.3820007953853996
75% Corpus,6,0.81,symmetric,0.3806897958724656
75% Corpus,6,symmetric,0.01,0.3802841663485259
75% Corpus,6,symmetric,0.21000000000000002,0.38639249533049536
75% Corpus,6,symmetric,0.41000000000000003,0.3845853763938644
75% Corpus,6,symmetric,0.6100000000000001,0.3871919299948447
75% Corpus,6,symmetric,0.81,0.3845853763938645
75% Corpus,6,symmetric,symmetric,0.38152391531089075
75% Corpus,6,asymmetric,0.01,0.3889952323210027
75% Corpus,6,asymmetric,0.21000000000000002,0.3878857746678916
75% Corpus,6,asymmetric,0.41000000000000003,0.37532704147878326
75% Corpus,6,asymmetric,0.6100000000000001,0.38128664166417453
75% Corpus,6,asymmetric,0.81,0.38348809819079777
75% Corpus,6,asymmetric,symmetric,0.38886912439844085
75% Corpus,7,0.01,0.01,0.38496764237865955
75% Corpus,7,0.01,0.21000000000000002,0.37726932074083014
75% Corpus,7,0.01,0.41000000000000003,0.37309612999378833
75% Corpus,7,0.01,0.6100000000000001,0.3730961299937884
75% Corpus,7,0.01,0.81,0.3761151054846251
75% Corpus,7,0.01,symmetric,0.38496764237865955
75% Corpus,7,0.21000000000000002,0.01,0.3815230095446656
75% Corpus,7,0.21000000000000002,0.21000000000000002,0.38465410120199844
75% Corpus,7,0.21000000000000002,0.41000000000000003,0.3923091622697254
75% Corpus,7,0.21000000000000002,0.6100000000000001,0.38467556329255875
75% Corpus,7,0.21000000000000002,0.81,0.38589429913445594
75% Corpus,7,0.21000000000000002,symmetric,0.3964277784415574
75% Corpus,7,0.41000000000000003,0.01,0.38374807604788475
75% Corpus,7,0.41000000000000003,0.21000000000000002,0.38666703935970165
75% Corpus,7,0.41000000000000003,0.41000000000000003,0.38589937107127703
75% Corpus,7,0.41000000000000003,0.6100000000000001,0.3846180638899276
75% Corpus,7,0.41000000000000003,0.81,0.39162167659331637
75% Corpus,7,0.41000000000000003,symmetric,0.38666703935970165
75% Corpus,7,0.6100000000000001,0.01,0.3763035415424957
75% Corpus,7,0.6100000000000001,0.21000000000000002,0.3730952647430211
75% Corpus,7,0.6100000000000001,0.41000000000000003,0.37551060271331976
75% Corpus,7,0.6100000000000001,0.6100000000000001,0.38140421359698246
75% Corpus,7,0.6100000000000001,0.81,0.38066533521982177
75% Corpus,7,0.6100000000000001,symmetric,0.3743728672543301
75% Corpus,7,0.81,0.01,0.37507626067482536
75% Corpus,7,0.81,0.21000000000000002,0.37752332972065733
75% Corpus,7,0.81,0.41000000000000003,0.3770099640987051
75% Corpus,7,0.81,0.6100000000000001,0.3785703560640644
75% Corpus,7,0.81,0.81,0.38102610506883583
75% Corpus,7,0.81,symmetric,0.37554324056356564
75% Corpus,7,symmetric,0.01,0.38367630654662105
75% Corpus,7,symmetric,0.21000000000000002,0.38383445290769064
75% Corpus,7,symmetric,0.41000000000000003,0.38551989409890863
75% Corpus,7,symmetric,0.6100000000000001,0.37679640625484184
75% Corpus,7,symmetric,0.81,0.3796185552080268
75% Corpus,7,symmetric,symmetric,0.38063148920136886
75% Corpus,7,asymmetric,0.01,0.3652634055972079
75% Corpus,7,asymmetric,0.21000000000000002,0.37389421526578637
75% Corpus,7,asymmetric,0.41000000000000003,0.3744665241813771
75% Corpus,7,asymmetric,0.6100000000000001,0.3904554614442489
75% Corpus,7,asymmetric,0.81,0.3913326619906544
75% Corpus,7,asymmetric,symmetric,0.3747381419701203
75% Corpus,8,0.01,0.01,0.36610122421342556
75% Corpus,8,0.01,0.21000000000000002,0.37522033517966236
75% Corpus,8,0.01,0.41000000000000003,0.37408009090372824
75% Corpus,8,0.01,0.6100000000000001,0.3759086443771449
75% Corpus,8,0.01,0.81,0.37551698490836616
75% Corpus,8,0.01,symmetric,0.3615796377896068
75% Corpus,8,0.21000000000000002,0.01,0.37353403257412876
75% Corpus,8,0.21000000000000002,0.21000000000000002,0.3706787862521118
75% Corpus,8,0.21000000000000002,0.41000000000000003,0.37120688304283744
75% Corpus,8,0.21000000000000002,0.6100000000000001,0.3770884964932677
75% Corpus,8,0.21000000000000002,0.81,0.38028398896969096
75% Corpus,8,0.21000000000000002,symmetric,0.3697046678639416
75% Corpus,8,0.41000000000000003,0.01,0.37742369296779676
75% Corpus,8,0.41000000000000003,0.21000000000000002,0.38201288650283705
75% Corpus,8,0.41000000000000003,0.41000000000000003,0.3810588490909157
75% Corpus,8,0.41000000000000003,0.6100000000000001,0.3782794675412226
75% Corpus,8,0.41000000000000003,0.81,0.3739173511979896
75% Corpus,8,0.41000000000000003,symmetric,0.3790275295643349
75% Corpus,8,0.6100000000000001,0.01,0.3763783635776323
75% Corpus,8,0.6100000000000001,0.21000000000000002,0.37870761099375055
75% Corpus,8,0.6100000000000001,0.41000000000000003,0.3800492876969873
75% Corpus,8,0.6100000000000001,0.6100000000000001,0.38185768371609996
75% Corpus,8,0.6100000000000001,0.81,0.3855499611224133
75% Corpus,8,0.6100000000000001,symmetric,0.3787076109937506
75% Corpus,8,0.81,0.01,0.36903643648334783
75% Corpus,8,0.81,0.21000000000000002,0.36968561358126184
75% Corpus,8,0.81,0.41000000000000003,0.3760454148674334
75% Corpus,8,0.81,0.6100000000000001,0.37764860554226626
75% Corpus,8,0.81,0.81,0.38143297567806483
75% Corpus,8,0.81,symmetric,0.37617225212414274
75% Corpus,8,symmetric,0.01,0.3652630088717277
75% Corpus,8,symmetric,0.21000000000000002,0.3671858948945854
75% Corpus,8,symmetric,0.41000000000000003,0.37326418549936474
75% Corpus,8,symmetric,0.6100000000000001,0.3753246374693321
75% Corpus,8,symmetric,0.81,0.37702930691605513
75% Corpus,8,symmetric,symmetric,0.36058321753142286
75% Corpus,8,asymmetric,0.01,0.3822429091646877
75% Corpus,8,asymmetric,0.21000000000000002,0.3784050262531238
75% Corpus,8,asymmetric,0.41000000000000003,0.38689043308710114
75% Corpus,8,asymmetric,0.6100000000000001,0.391533139632643
75% Corpus,8,asymmetric,0.81,0.38995495545305836
75% Corpus,8,asymmetric,symmetric,0.3777743266280524
75% Corpus,9,0.01,0.01,0.36191815413617623
75% Corpus,9,0.01,0.21000000000000002,0.36872693516971555
75% Corpus,9,0.01,0.41000000000000003,0.3546564841095725
75% Corpus,9,0.01,0.6100000000000001,0.360199091868358
75% Corpus,9,0.01,0.81,0.36420563093711233
75% Corpus,9,0.01,symmetric,0.36596531107098357
75% Corpus,9,0.21000000000000002,0.01,0.3812242019253187
75% Corpus,9,0.21000000000000002,0.21000000000000002,0.39472875074004443
75% Corpus,9,0.21000000000000002,0.41000000000000003,0.36459775892908663
75% Corpus,9,0.21000000000000002,0.6100000000000001,0.36753651513412344
75% Corpus,9,0.21000000000000002,0.81,0.38350125060875645
75% Corpus,9,0.21000000000000002,symmetric,0.3857497465561061
75% Corpus,9,0.41000000000000003,0.01,0.3729442232734367
75% Corpus,9,0.41000000000000003,0.21000000000000002,0.38248616688097486
75% Corpus,9,0.41000000000000003,0.41000000000000003,0.374307827664899
75% Corpus,9,0.41000000000000003,0.6100000000000001,0.37465602920964786
75% Corpus,9,0.41000000000000003,0.81,0.3698756122100706
75% Corpus,9,0.41000000000000003,symmetric,0.3725676956840944
75% Corpus,9,0.6100000000000001,0.01,0.38216136007282
75% Corpus,9,0.6100000000000001,0.21000000000000002,0.38255847016173594
75% Corpus,9,0.6100000000000001,0.41000000000000003,0.381537727224228
75% Corpus,9,0.6100000000000001,0.6100000000000001,0.3725500232474495
75% Corpus,9,0.6100000000000001,0.81,0.3703022080603221
75% Corpus,9,0.6100000000000001,symmetric,0.3827423542255908
75% Corpus,9,0.81,0.01,0.37273607973504397
75% Corpus,9,0.81,0.21000000000000002,0.3732086594781616
75% Corpus,9,0.81,0.41000000000000003,0.3672946102324505
75% Corpus,9,0.81,0.6100000000000001,0.3689194676887411
75% Corpus,9,0.81,0.81,0.3641689513416677
75% Corpus,9,0.81,symmetric,0.368582193009283
75% Corpus,9,symmetric,0.01,0.38037209279165446
75% Corpus,9,symmetric,0.21000000000000002,0.3643638183102553
75% Corpus,9,symmetric,0.41000000000000003,0.36281910509657667
75% Corpus,9,symmetric,0.6100000000000001,0.3689252721713814
75% Corpus,9,symmetric,0.81,0.36730084555224574
75% Corpus,9,symmetric,symmetric,0.3673494263851599
75% Corpus,9,asymmetric,0.01,0.3732058547429318
75% Corpus,9,asymmetric,0.21000000000000002,0.3795826810000994
75% Corpus,9,asymmetric,0.41000000000000003,0.3714151280069574
75% Corpus,9,asymmetric,0.6100000000000001,0.371349488510085
75% Corpus,9,asymmetric,0.81,0.381527233661449
75% Corpus,9,asymmetric,symmetric,0.3816268157792408
75% Corpus,10,0.01,0.01,0.35977674477900107
75% Corpus,10,0.01,0.21000000000000002,0.3790141699727191
75% Corpus,10,0.01,0.41000000000000003,0.3760688163492448
75% Corpus,10,0.01,0.6100000000000001,0.3643833612540092
75% Corpus,10,0.01,0.81,0.3666980601879805
75% Corpus,10,0.01,symmetric,0.358800760517203
75% Corpus,10,0.21000000000000002,0.01,0.3597652445311119
75% Corpus,10,0.21000000000000002,0.21000000000000002,0.3665348969183879
75% Corpus,10,0.21000000000000002,0.41000000000000003,0.37630440398691783
75% Corpus,10,0.21000000000000002,0.6100000000000001,0.388127393392334
75% Corpus,10,0.21000000000000002,0.81,0.380208545636607
75% Corpus,10,0.21000000000000002,symmetric,0.3662772667070019
75% Corpus,10,0.41000000000000003,0.01,0.38611474911486154
75% Corpus,10,0.41000000000000003,0.21000000000000002,0.38377486274685035
75% Corpus,10,0.41000000000000003,0.41000000000000003,0.3748348895049819
75% Corpus,10,0.41000000000000003,0.6100000000000001,0.39335843601273346
75% Corpus,10,0.41000000000000003,0.81,0.38161286472696854
75% Corpus,10,0.41000000000000003,symmetric,0.38672400572964155
75% Corpus,10,0.6100000000000001,0.01,0.3801048675284483
75% Corpus,10,0.6100000000000001,0.21000000000000002,0.38866491694352134
75% Corpus,10,0.6100000000000001,0.41000000000000003,0.3819421006217837
75% Corpus,10,0.6100000000000001,0.6100000000000001,0.3742007071053897
75% Corpus,10,0.6100000000000001,0.81,0.3884033746457163
75% Corpus,10,0.6100000000000001,symmetric,0.3791602780518737
75% Corpus,10,0.81,0.01,0.38114970717671615
75% Corpus,10,0.81,0.21000000000000002,0.37586441018056693
75% Corpus,10,0.81,0.41000000000000003,0.3799322405299057
75% Corpus,10,0.81,0.6100000000000001,0.37326364788677213
75% Corpus,10,0.81,0.81,0.3738409422387722
75% Corpus,10,0.81,symmetric,0.379108071069367
75% Corpus,10,symmetric,0.01,0.36319587568170264
75% Corpus,10,symmetric,0.21000000000000002,0.35818075815253436
75% Corpus,10,symmetric,0.41000000000000003,0.3806034619414189
75% Corpus,10,symmetric,0.6100000000000001,0.383705511171964
75% Corpus,10,symmetric,0.81,0.3747441146313095
75% Corpus,10,symmetric,symmetric,0.3665487105219189
75% Corpus,10,asymmetric,0.01,0.3711517279910264
75% Corpus,10,asymmetric,0.21000000000000002,0.37105039342601537
75% Corpus,10,asymmetric,0.41000000000000003,0.3642882995440056
75% Corpus,10,asymmetric,0.6100000000000001,0.3673024425375894
75% Corpus,10,asymmetric,0.81,0.36865434919488693
75% Corpus,10,asymmetric,symmetric,0.3664819284729268
100% Corpus,3,0.01,0.01,0.35175414499964736
100% Corpus,3,0.01,0.21000000000000002,0.34239126657744956
100% Corpus,3,0.01,0.41000000000000003,0.36438482695638075
100% Corpus,3,0.01,0.6100000000000001,0.34752392651883907
100% Corpus,3,0.01,0.81,0.36274125882297986
100% Corpus,3,0.01,symmetric,0.34239126657744956
100% Corpus,3,0.21000000000000002,0.01,0.361162816528177
100% Corpus,3,0.21000000000000002,0.21000000000000002,0.36147313745658777
100% Corpus,3,0.21000000000000002,0.41000000000000003,0.34461223701904614
100% Corpus,3,0.21000000000000002,0.6100000000000001,0.3687432255019492
100% Corpus,3,0.21000000000000002,0.81,0.3687432255019492
100% Corpus,3,0.21000000000000002,symmetric,0.3687432255019492
100% Corpus,3,0.41000000000000003,0.01,0.3495369347882528
100% Corpus,3,0.41000000000000003,0.21000000000000002,0.3495369347882528
100% Corpus,3,0.41000000000000003,0.41000000000000003,0.3495369347882529
100% Corpus,3,0.41000000000000003,0.6100000000000001,0.3339012377366047
100% Corpus,3,0.41000000000000003,0.81,0.33390123773660463
100% Corpus,3,0.41000000000000003,symmetric,0.3495369347882529
100% Corpus,3,0.6100000000000001,0.01,0.3518427028704578
100% Corpus,3,0.6100000000000001,0.21000000000000002,0.3518427028704578
100% Corpus,3,0.6100000000000001,0.41000000000000003,0.3518427028704578
100% Corpus,3,0.6100000000000001,0.6100000000000001,0.3465413384754443
100% Corpus,3,0.6100000000000001,0.81,0.3465413384754443
100% Corpus,3,0.6100000000000001,symmetric,0.3518427028704578
100% Corpus,3,0.81,0.01,0.3529389710813944
100% Corpus,3,0.81,0.21000000000000002,0.35421208946951105
100% Corpus,3,0.81,0.41000000000000003,0.35421208946951105
100% Corpus,3,0.81,0.6100000000000001,0.35421208946951105
100% Corpus,3,0.81,0.81,0.3518427028704578
100% Corpus,3,0.81,symmetric,0.35421208946951105
100% Corpus,3,symmetric,0.01,0.3540597023754752
100% Corpus,3,symmetric,0.21000000000000002,0.338424005323827
100% Corpus,3,symmetric,0.41000000000000003,0.3509982607470958
100% Corpus,3,symmetric,0.6100000000000001,0.3509982607470958
100% Corpus,3,symmetric,0.81,0.3518823250644076
100% Corpus,3,symmetric,symmetric,0.35991191692585817
100% Corpus,3,asymmetric,0.01,0.37699972015488187
100% Corpus,3,asymmetric,0.21000000000000002,0.3634525852902992
100% Corpus,3,asymmetric,0.41000000000000003,0.3634525852902992
100% Corpus,3,asymmetric,0.6100000000000001,0.37535463979544564
100% Corpus,3,asymmetric,0.81,0.37535463979544564
100% Corpus,3,asymmetric,symmetric,0.3634525852902992
100% Corpus,4,0.01,0.01,0.37568592462284567
100% Corpus,4,0.01,0.21000000000000002,0.37365427208990565
100% Corpus,4,0.01,0.41000000000000003,0.3758653832639304
100% Corpus,4,0.01,0.6100000000000001,0.3758653832639304
100% Corpus,4,0.01,0.81,0.3758653832639304
100% Corpus,4,0.01,symmetric,0.3758653832639304
100% Corpus,4,0.21000000000000002,0.01,0.3958633299119178
100% Corpus,4,0.21000000000000002,0.21000000000000002,0.3904022328798678
100% Corpus,4,0.21000000000000002,0.41000000000000003,0.37904478280634063
100% Corpus,4,0.21000000000000002,0.6100000000000001,0.38797837374344396
100% Corpus,4,0.21000000000000002,0.81,0.3920092718622848
100% Corpus,4,0.21000000000000002,symmetric,0.3877825102816787
100% Corpus,4,0.41000000000000003,0.01,0.37875840124419013
100% Corpus,4,0.41000000000000003,0.21000000000000002,0.37875840124419013
100% Corpus,4,0.41000000000000003,0.41000000000000003,0.398181545977947
100% Corpus,4,0.41000000000000003,0.6100000000000001,0.398181545977947
100% Corpus,4,0.41000000000000003,0.81,0.398181545977947
100% Corpus,4,0.41000000000000003,symmetric,0.398181545977947
100% Corpus,4,0.6100000000000001,0.01,0.3856579446487403
100% Corpus,4,0.6100000000000001,0.21000000000000002,0.3856579446487404
100% Corpus,4,0.6100000000000001,0.41000000000000003,0.3856579446487404
100% Corpus,4,0.6100000000000001,0.6100000000000001,0.3856579446487404
100% Corpus,4,0.6100000000000001,0.81,0.3856579446487404
100% Corpus,4,0.6100000000000001,symmetric,0.38565794464874037
100% Corpus,4,0.81,0.01,0.38571065900198637
100% Corpus,4,0.81,0.21000000000000002,0.3856579446487404
100% Corpus,4,0.81,0.41000000000000003,0.38565794464874037
100% Corpus,4,0.81,0.6100000000000001,0.38565794464874037
100% Corpus,4,0.81,0.81,0.38565794464874037
100% Corpus,4,0.81,symmetric,0.3962952556144806
100% Corpus,4,symmetric,0.01,0.3888407710436392
100% Corpus,4,symmetric,0.21000000000000002,0.3904022328798678
100% Corpus,4,symmetric,0.41000000000000003,0.3877825102816787
100% Corpus,4,symmetric,0.6100000000000001,0.39231176530095896
100% Corpus,4,symmetric,0.81,0.39231176530095896
100% Corpus,4,symmetric,symmetric,0.40212026141344176
100% Corpus,4,asymmetric,0.01,0.3858329729064942
100% Corpus,4,asymmetric,0.21000000000000002,0.3982939764236276
100% Corpus,4,asymmetric,0.41000000000000003,0.3982939764236277
100% Corpus,4,asymmetric,0.6100000000000001,0.3984444350210342
100% Corpus,4,asymmetric,0.81,0.38769979523863796
100% Corpus,4,asymmetric,symmetric,0.3982939764236276
100% Corpus,5,0.01,0.01,0.36788193253777235
100% Corpus,5,0.01,0.21000000000000002,0.3913124231778119
100% Corpus,5,0.01,0.41000000000000003,0.39508250077818347
100% Corpus,5,0.01,0.6100000000000001,0.39129801115387564
100% Corpus,5,0.01,0.81,0.3802942637420862
100% Corpus,5,0.01,symmetric,0.3913124231778119
100% Corpus,5,0.21000000000000002,0.01,0.3734540886980612
100% Corpus,5,0.21000000000000002,0.21000000000000002,0.38983264650963284
100% Corpus,5,0.21000000000000002,0.41000000000000003,0.3960700804013511
100% Corpus,5,0.21000000000000002,0.6100000000000001,0.394547122914476
100% Corpus,5,0.21000000000000002,0.81,0.39454712291447597
100% Corpus,5,0.21000000000000002,symmetric,0.38268531168694675
100% Corpus,5,0.41000000000000003,0.01,0.3990894357622383
100% Corpus,5,0.41000000000000003,0.21000000000000002,0.3955542964658588
100% Corpus,5,0.41000000000000003,0.41000000000000003,0.3929722018391787
100% Corpus,5,0.41000000000000003,0.6100000000000001,0.3929722018391787
100% Corpus,5,0.41000000000000003,0.81,0.39297220183917875
100% Corpus,5,0.41000000000000003,symmetric,0.3929722018391787
100% Corpus,5,0.6100000000000001,0.01,0.4028810609409684
100% Corpus,5,0.6100000000000001,0.21000000000000002,0.40024075161985717
100% Corpus,5,0.6100000000000001,0.41000000000000003,0.40024075161985717
100% Corpus,5,0.6100000000000001,0.6100000000000001,0.398730072398238
100% Corpus,5,0.6100000000000001,0.81,0.398730072398238
100% Corpus,5,0.6100000000000001,symmetric,0.40074296031347145
100% Corpus,5,0.81,0.01,0.38023886031752774
100% Corpus,5,0.81,0.21000000000000002,0.3809177318180792
100% Corpus,5,0.81,0.41000000000000003,0.3946907527249856
100% Corpus,5,0.81,0.6100000000000001,0.40275825075893906
100% Corpus,5,0.81,0.81,0.396577427169374
100% Corpus,5,0.81,symmetric,0.38326296540168014
100% Corpus,5,symmetric,0.01,0.3734540886980612
100% Corpus,5,symmetric,0.21000000000000002,0.38983264650963284
100% Corpus,5,symmetric,0.41000000000000003,0.39607008040135117
100% Corpus,5,symmetric,0.6100000000000001,0.39454712291447597
100% Corpus,5,symmetric,0.81,0.39461998308851753
100% Corpus,5,symmetric,symmetric,0.38526787601151175
100% Corpus,5,asymmetric,0.01,0.3847764066317933
100% Corpus,5,asymmetric,0.21000000000000002,0.38738586468323294
100% Corpus,5,asymmetric,0.41000000000000003,0.38154466303900625
100% Corpus,5,asymmetric,0.6100000000000001,0.3848705329858089
100% Corpus,5,asymmetric,0.81,0.38133504729881534
100% Corpus,5,asymmetric,symmetric,0.3931627383130488
100% Corpus,6,0.01,0.01,0.3886985665803653
100% Corpus,6,0.01,0.21000000000000002,0.3866497031280232
100% Corpus,6,0.01,0.41000000000000003,0.3853560265228359
100% Corpus,6,0.01,0.6100000000000001,0.3912698720931816
100% Corpus,6,0.01,0.81,0.3859997989775967
100% Corpus,6,0.01,symmetric,0.39201923133828326
100% Corpus,6,0.21000000000000002,0.01,0.38755181139910116
100% Corpus,6,0.21000000000000002,0.21000000000000002,0.3840211243487051
100% Corpus,6,0.21000000000000002,0.41000000000000003,0.38975444628946043
100% Corpus,6,0.21000000000000002,0.6100000000000001,0.39348954509287465
100% Corpus,6,0.21000000000000002,0.81,0.38982309470200405
100% Corpus,6,0.21000000000000002,symmetric,0.38315211501395696
100% Corpus,6,0.41000000000000003,0.01,0.40109707639310294
100% Corpus,6,0.41000000000000003,0.21000000000000002,0.39974802504872603
100% Corpus,6,0.41000000000000003,0.41000000000000003,0.4020203908425785
100% Corpus,6,0.41000000000000003,0.6100000000000001,0.3979913873436732
100% Corpus,6,0.41000000000000003,0.81,0.3973321228013122
100% Corpus,6,0.41000000000000003,symmetric,0.3975512619146781
100% Corpus,6,0.6100000000000001,0.01,0.3863334360627813
100% Corpus,6,0.6100000000000001,0.21000000000000002,0.3849965792085723
100% Corpus,6,0.6100000000000001,0.41000000000000003,0.4003572288057278
100% Corpus,6,0.6100000000000001,0.6100000000000001,0.380007327871892
100% Corpus,6,0.6100000000000001,0.81,0.3875838268621519
100% Corpus,6,0.6100000000000001,symmetric,0.39260780184127525
100% Corpus,6,0.81,0.01,0.39576078115877616
100% Corpus,6,0.81,0.21000000000000002,0.39007375371268727
100% Corpus,6,0.81,0.41000000000000003,0.38506164559140305
100% Corpus,6,0.81,0.6100000000000001,0.3865782037835687
100% Corpus,6,0.81,0.81,0.39143532914761153
100% Corpus,6,0.81,symmetric,0.3883948659786322
100% Corpus,6,symmetric,0.01,0.39299471390676
100% Corpus,6,symmetric,0.21000000000000002,0.3879295173319039
100% Corpus,6,symmetric,0.41000000000000003,0.39347478684139037
100% Corpus,6,symmetric,0.6100000000000001,0.3932328613238867
100% Corpus,6,symmetric,0.81,0.3932328613238867
100% Corpus,6,symmetric,symmetric,0.3889148964692401
100% Corpus,6,asymmetric,0.01,0.3994297244695417
100% Corpus,6,asymmetric,0.21000000000000002,0.3931511612094727
100% Corpus,6,asymmetric,0.41000000000000003,0.37674203165682113
100% Corpus,6,asymmetric,0.6100000000000001,0.37739448719942886
100% Corpus,6,asymmetric,0.81,0.37560604501523986
100% Corpus,6,asymmetric,symmetric,0.3881311816002515
100% Corpus,7,0.01,0.01,0.3871702208056749
100% Corpus,7,0.01,0.21000000000000002,0.3828712687896546
100% Corpus,7,0.01,0.41000000000000003,0.3777869139696602
100% Corpus,7,0.01,0.6100000000000001,0.3786980780426128
100% Corpus,7,0.01,0.81,0.37908862030211743
100% Corpus,7,0.01,symmetric,0.38487583651115204
100% Corpus,7,0.21000000000000002,0.01,0.3851421032605731
100% Corpus,7,0.21000000000000002,0.21000000000000002,0.3931470150272142
100% Corpus,7,0.21000000000000002,0.41000000000000003,0.3881874986892155
100% Corpus,7,0.21000000000000002,0.6100000000000001,0.3930358491921368
100% Corpus,7,0.21000000000000002,0.81,0.39384265660187434
100% Corpus,7,0.21000000000000002,symmetric,0.39434518292459114
100% Corpus,7,0.41000000000000003,0.01,0.3828662718188932
100% Corpus,7,0.41000000000000003,0.21000000000000002,0.3892202501368396
100% Corpus,7,0.41000000000000003,0.41000000000000003,0.3880696273321583
100% Corpus,7,0.41000000000000003,0.6100000000000001,0.396300825983381
100% Corpus,7,0.41000000000000003,0.81,0.39713666079570503
100% Corpus,7,0.41000000000000003,symmetric,0.38405892081152215
100% Corpus,7,0.6100000000000001,0.01,0.380571532359078
100% Corpus,7,0.6100000000000001,0.21000000000000002,0.3896412275496127
100% Corpus,7,0.6100000000000001,0.41000000000000003,0.3898232200571524
100% Corpus,7,0.6100000000000001,0.6100000000000001,0.3910605515901239
100% Corpus,7,0.6100000000000001,0.81,0.39098792416287304
100% Corpus,7,0.6100000000000001,symmetric,0.39070795975147415
100% Corpus,7,0.81,0.01,0.3792932768278438
100% Corpus,7,0.81,0.21000000000000002,0.3893817020784895
100% Corpus,7,0.81,0.41000000000000003,0.3884298714679364
100% Corpus,7,0.81,0.6100000000000001,0.38712999210428195
100% Corpus,7,0.81,0.81,0.39213367292407997
100% Corpus,7,0.81,symmetric,0.38499682910154925
100% Corpus,7,symmetric,0.01,0.38727522299843337
100% Corpus,7,symmetric,0.21000000000000002,0.39215054102054936
100% Corpus,7,symmetric,0.41000000000000003,0.3848974056155025
100% Corpus,7,symmetric,0.6100000000000001,0.3833699879619396
100% Corpus,7,symmetric,0.81,0.3928649418668783
100% Corpus,7,symmetric,symmetric,0.3923332470065981
100% Corpus,7,asymmetric,0.01,0.3672888962326607
100% Corpus,7,asymmetric,0.21000000000000002,0.37395610398641377
100% Corpus,7,asymmetric,0.41000000000000003,0.37827274914228176
100% Corpus,7,asymmetric,0.6100000000000001,0.3872260815874065
100% Corpus,7,asymmetric,0.81,0.3956132800673342
100% Corpus,7,asymmetric,symmetric,0.37570232838586654
100% Corpus,8,0.01,0.01,0.36986914155698686
100% Corpus,8,0.01,0.21000000000000002,0.3782072505372609
100% Corpus,8,0.01,0.41000000000000003,0.37679422919175
100% Corpus,8,0.01,0.6100000000000001,0.37922031772721043
100% Corpus,8,0.01,0.81,0.37952407200424554
100% Corpus,8,0.01,symmetric,0.3758547573642797
100% Corpus,8,0.21000000000000002,0.01,0.374800021863166
100% Corpus,8,0.21000000000000002,0.21000000000000002,0.38356830365765193
100% Corpus,8,0.21000000000000002,0.41000000000000003,0.37713138234348026
100% Corpus,8,0.21000000000000002,0.6100000000000001,0.38384957961970656
100% Corpus,8,0.21000000000000002,0.81,0.3848598275226722
100% Corpus,8,0.21000000000000002,symmetric,0.3768806866772497
100% Corpus,8,0.41000000000000003,0.01,0.3884428570368294
100% Corpus,8,0.41000000000000003,0.21000000000000002,0.38400993398158373
100% Corpus,8,0.41000000000000003,0.41000000000000003,0.3829236294359132
100% Corpus,8,0.41000000000000003,0.6100000000000001,0.389490304569306
100% Corpus,8,0.41000000000000003,0.81,0.38375323901909214
100% Corpus,8,0.41000000000000003,symmetric,0.387652806116428
100% Corpus,8,0.6100000000000001,0.01,0.37801792305167586
100% Corpus,8,0.6100000000000001,0.21000000000000002,0.38055270752821135
100% Corpus,8,0.6100000000000001,0.41000000000000003,0.38657326438957323
100% Corpus,8,0.6100000000000001,0.6100000000000001,0.39233343070951143
100% Corpus,8,0.6100000000000001,0.81,0.38926875034376723
100% Corpus,8,0.6100000000000001,symmetric,0.3814267318249579
100% Corpus,8,0.81,0.01,0.38651756422197187
100% Corpus,8,0.81,0.21000000000000002,0.37909522175442945
100% Corpus,8,0.81,0.41000000000000003,0.3870967258220633
100% Corpus,8,0.81,0.6100000000000001,0.38766243779684884
100% Corpus,8,0.81,0.81,0.3887954872518901
100% Corpus,8,0.81,symmetric,0.38721833017033014
100% Corpus,8,symmetric,0.01,0.3744527447653375
100% Corpus,8,symmetric,0.21000000000000002,0.3761548493848179
100% Corpus,8,symmetric,0.41000000000000003,0.37781360138014497
100% Corpus,8,symmetric,0.6100000000000001,0.38204288699500755
100% Corpus,8,symmetric,0.81,0.38782143956810167
100% Corpus,8,symmetric,symmetric,0.3780407440768592
100% Corpus,8,asymmetric,0.01,0.3814009924439526
100% Corpus,8,asymmetric,0.21000000000000002,0.38319071519601133
100% Corpus,8,asymmetric,0.41000000000000003,0.3835797741363286
100% Corpus,8,asymmetric,0.6100000000000001,0.3932885842012781
100% Corpus,8,asymmetric,0.81,0.3932531195498725
100% Corpus,8,asymmetric,symmetric,0.3774133260005683
100% Corpus,9,0.01,0.01,0.36501031552253976
100% Corpus,9,0.01,0.21000000000000002,0.3661716046123581
100% Corpus,9,0.01,0.41000000000000003,0.3671166425866547
100% Corpus,9,0.01,0.6100000000000001,0.35627172537298557
100% Corpus,9,0.01,0.81,0.35602271752691883
100% Corpus,9,0.01,symmetric,0.3688611772871825
100% Corpus,9,0.21000000000000002,0.01,0.385667008058681
100% Corpus,9,0.21000000000000002,0.21000000000000002,0.397390369436059
100% Corpus,9,0.21000000000000002,0.41000000000000003,0.37033678178018536
100% Corpus,9,0.21000000000000002,0.6100000000000001,0.369342972621307
100% Corpus,9,0.21000000000000002,0.81,0.3720225657071282
100% Corpus,9,0.21000000000000002,symmetric,0.3865513178709644
100% Corpus,9,0.41000000000000003,0.01,0.37750955041306083
100% Corpus,9,0.41000000000000003,0.21000000000000002,0.3753823695176059
100% Corpus,9,0.41000000000000003,0.41000000000000003,0.37243207042070436
100% Corpus,9,0.41000000000000003,0.6100000000000001,0.372193591344712
100% Corpus,9,0.41000000000000003,0.81,0.37262432665203765
100% Corpus,9,0.41000000000000003,symmetric,0.38135503322123976
100% Corpus,9,0.6100000000000001,0.01,0.37926948017155526
100% Corpus,9,0.6100000000000001,0.21000000000000002,0.38102357362589445
100% Corpus,9,0.6100000000000001,0.41000000000000003,0.3781752659588752
100% Corpus,9,0.6100000000000001,0.6100000000000001,0.3761437015322126
100% Corpus,9,0.6100000000000001,0.81,0.3730297243743327
100% Corpus,9,0.6100000000000001,symmetric,0.3844413083950876
100% Corpus,9,0.81,0.01,0.37765416222205317
100% Corpus,9,0.81,0.21000000000000002,0.38049662391510786
100% Corpus,9,0.81,0.41000000000000003,0.38540773959739666
100% Corpus,9,0.81,0.6100000000000001,0.3725717944794127
100% Corpus,9,0.81,0.81,0.3916653405644715
100% Corpus,9,0.81,symmetric,0.38105817854058055
100% Corpus,9,symmetric,0.01,0.3860365223762392
100% Corpus,9,symmetric,0.21000000000000002,0.366074060993112
100% Corpus,9,symmetric,0.41000000000000003,0.36310669487253394
100% Corpus,9,symmetric,0.6100000000000001,0.37738836168236894
100% Corpus,9,symmetric,0.81,0.36088899334084
100% Corpus,9,symmetric,symmetric,0.3690408292927293
100% Corpus,9,asymmetric,0.01,0.37104352359023046
100% Corpus,9,asymmetric,0.21000000000000002,0.37561994117421194
100% Corpus,9,asymmetric,0.41000000000000003,0.38257178869800706
100% Corpus,9,asymmetric,0.6100000000000001,0.38288043824264095
100% Corpus,9,asymmetric,0.81,0.3827086476210194
100% Corpus,9,asymmetric,symmetric,0.3805136748595638
100% Corpus,10,0.01,0.01,0.36954378984513914
100% Corpus,10,0.01,0.21000000000000002,0.38739662034451444
100% Corpus,10,0.01,0.41000000000000003,0.38149576034158483
100% Corpus,10,0.01,0.6100000000000001,0.36524753548638045
100% Corpus,10,0.01,0.81,0.3678110384459474
100% Corpus,10,0.01,symmetric,0.3643772119684111
100% Corpus,10,0.21000000000000002,0.01,0.3617227781140474
100% Corpus,10,0.21000000000000002,0.21000000000000002,0.3766390458511707
100% Corpus,10,0.21000000000000002,0.41000000000000003,0.37902999630018447
100% Corpus,10,0.21000000000000002,0.6100000000000001,0.38799629299993976
100% Corpus,10,0.21000000000000002,0.81,0.38438757442010674
100% Corpus,10,0.21000000000000002,symmetric,0.37105489977430905
100% Corpus,10,0.41000000000000003,0.01,0.39542585194071284
100% Corpus,10,0.41000000000000003,0.21000000000000002,0.394788847511633
100% Corpus,10,0.41000000000000003,0.41000000000000003,0.3977711678201345
100% Corpus,10,0.41000000000000003,0.6100000000000001,0.39540465502153327
100% Corpus,10,0.41000000000000003,0.81,0.4015840682417304
100% Corpus,10,0.41000000000000003,symmetric,0.39619726251014525
100% Corpus,10,0.6100000000000001,0.01,0.3982130682736654
100% Corpus,10,0.6100000000000001,0.21000000000000002,0.4042282431135463
100% Corpus,10,0.6100000000000001,0.41000000000000003,0.3971536849416799
100% Corpus,10,0.6100000000000001,0.6100000000000001,0.3919937425182125
100% Corpus,10,0.6100000000000001,0.81,0.3945701653448146
100% Corpus,10,0.6100000000000001,symmetric,0.4014433806689583
100% Corpus,10,0.81,0.01,0.3904541895862016
100% Corpus,10,0.81,0.21000000000000002,0.3890558775144939
100% Corpus,10,0.81,0.41000000000000003,0.3874777792527643
100% Corpus,10,0.81,0.6100000000000001,0.3935313888282489
100% Corpus,10,0.81,0.81,0.3938342287965421
100% Corpus,10,0.81,symmetric,0.39709956075561764
100% Corpus,10,symmetric,0.01,0.3616536659124718
100% Corpus,10,symmetric,0.21000000000000002,0.3691155096379752
100% Corpus,10,symmetric,0.41000000000000003,0.386058371356577
100% Corpus,10,symmetric,0.6100000000000001,0.38642317365443624
100% Corpus,10,symmetric,0.81,0.3662468378627301
100% Corpus,10,symmetric,symmetric,0.36001766740825075
100% Corpus,10,asymmetric,0.01,0.3813184109589967
100% Corpus,10,asymmetric,0.21000000000000002,0.3766931321803612
100% Corpus,10,asymmetric,0.41000000000000003,0.39116523949528614
100% Corpus,10,asymmetric,0.6100000000000001,0.3738357481015642
100% Corpus,10,asymmetric,0.81,0.36820790022102357
100% Corpus,10,asymmetric,symmetric,0.3657241705509657